instance_id,exit_status,api_calls,full_history_tokens,last_prompt_tokens,max_completion_tokens,failed_prompt_tokens,max_context_tokens,effective_context_tokens,traj_path
astropy__astropy-12907,LimitsExceeded,135,44930,44656,2048,,131072,46704,unbalance1/astropy__astropy-12907/astropy__astropy-12907.traj.json
astropy__astropy-13033,LimitsExceeded,135,32483,32285,2048,,131072,34333,unbalance1/astropy__astropy-13033/astropy__astropy-13033.traj.json
astropy__astropy-13236,LimitsExceeded,135,61741,61500,2048,,131072,63548,unbalance1/astropy__astropy-13236/astropy__astropy-13236.traj.json
astropy__astropy-13398,LimitsExceeded,135,90541,89933,2048,,131072,91981,unbalance1/astropy__astropy-13398/astropy__astropy-13398.traj.json
astropy__astropy-13453,LimitsExceeded,135,29371,29293,2048,,131072,31341,unbalance1/astropy__astropy-13453/astropy__astropy-13453.traj.json
astropy__astropy-13579,ContextLengthExceeded,127,130241,127979,2048,130133,131072,131072,unbalance1/astropy__astropy-13579/astropy__astropy-13579.traj.json
astropy__astropy-13977,LimitsExceeded,135,53319,52995,2048,,131072,55043,unbalance1/astropy__astropy-13977/astropy__astropy-13977.traj.json
astropy__astropy-14096,LimitsExceeded,135,27498,27421,2048,,131072,29469,unbalance1/astropy__astropy-14096/astropy__astropy-14096.traj.json
astropy__astropy-14182,LimitsExceeded,135,45355,44840,2048,,131072,46888,unbalance1/astropy__astropy-14182/astropy__astropy-14182.traj.json
astropy__astropy-14309,ContextLengthExceeded,78,130311,128049,2048,130203,131072,131072,unbalance1/astropy__astropy-14309/astropy__astropy-14309.traj.json
astropy__astropy-14365,LimitsExceeded,135,28440,28361,2048,,131072,30409,unbalance1/astropy__astropy-14365/astropy__astropy-14365.traj.json
astropy__astropy-14369,ContextLengthExceeded,69,130265,128003,2048,130157,131072,131072,unbalance1/astropy__astropy-14369/astropy__astropy-14369.traj.json
astropy__astropy-14508,Submitted,27,13737,12067,2048,,131072,14115,unbalance1/astropy__astropy-14508/astropy__astropy-14508.traj.json
astropy__astropy-14539,Submitted,18,12419,11875,2048,,131072,13923,unbalance1/astropy__astropy-14539/astropy__astropy-14539.traj.json
astropy__astropy-14598,LimitsExceeded,135,42102,42018,2048,,131072,44066,unbalance1/astropy__astropy-14598/astropy__astropy-14598.traj.json
astropy__astropy-14995,Submitted,26,23339,23095,2048,,131072,25143,unbalance1/astropy__astropy-14995/astropy__astropy-14995.traj.json
astropy__astropy-7166,Submitted,21,8936,8326,2048,,131072,10374,unbalance1/astropy__astropy-7166/astropy__astropy-7166.traj.json
astropy__astropy-7336,LimitsExceeded,135,121246,119435,2048,,131072,121483,unbalance1/astropy__astropy-7336/astropy__astropy-7336.traj.json
astropy__astropy-7606,LimitsExceeded,135,28346,28281,2048,,131072,30329,unbalance1/astropy__astropy-7606/astropy__astropy-7606.traj.json
astropy__astropy-7671,Submitted,29,14179,12598,2048,,131072,14646,unbalance1/astropy__astropy-7671/astropy__astropy-7671.traj.json
astropy__astropy-8707,LimitsExceeded,135,43655,43347,2048,,131072,45395,unbalance1/astropy__astropy-8707/astropy__astropy-8707.traj.json
astropy__astropy-8872,LimitsExceeded,135,48964,48639,2048,,131072,50687,unbalance1/astropy__astropy-8872/astropy__astropy-8872.traj.json
django__django-10097,LimitsExceeded,135,42661,42347,2048,,131072,44395,unbalance1/django__django-10097/django__django-10097.traj.json
django__django-10554,ContextLengthExceeded,125,130184,127246,2048,130076,131072,131072,unbalance1/django__django-10554/django__django-10554.traj.json
django__django-10880,Submitted,34,20586,19090,2048,,131072,21138,unbalance1/django__django-10880/django__django-10880.traj.json
django__django-10914,LimitsExceeded,135,76714,76113,2048,,131072,78161,unbalance1/django__django-10914/django__django-10914.traj.json
django__django-10973,Submitted,16,9188,7679,2048,,131072,9727,unbalance1/django__django-10973/django__django-10973.traj.json
django__django-10999,LimitsExceeded,135,71774,71287,2048,,131072,73335,unbalance1/django__django-10999/django__django-10999.traj.json
django__django-11066,Submitted,11,6233,5923,2048,,131072,7971,unbalance1/django__django-11066/django__django-11066.traj.json
django__django-11087,LimitsExceeded,135,50270,49929,2048,,131072,51977,unbalance1/django__django-11087/django__django-11087.traj.json
django__django-11095,Submitted,19,7187,6893,2048,,131072,8941,unbalance1/django__django-11095/django__django-11095.traj.json
django__django-11099,Submitted,23,11551,9707,2048,,131072,11755,unbalance1/django__django-11099/django__django-11099.traj.json
django__django-11119,LimitsExceeded,135,64494,64303,2048,,131072,66351,unbalance1/django__django-11119/django__django-11119.traj.json
django__django-11133,Submitted,24,8856,8199,2048,,131072,10247,unbalance1/django__django-11133/django__django-11133.traj.json
django__django-11138,LimitsExceeded,135,20651,20580,2048,,131072,22628,unbalance1/django__django-11138/django__django-11138.traj.json
django__django-11141,Submitted,27,13434,11585,2048,,131072,13633,unbalance1/django__django-11141/django__django-11141.traj.json
django__django-11149,ContextLengthExceeded,113,129484,128248,2048,129376,131072,131072,unbalance1/django__django-11149/django__django-11149.traj.json
django__django-11163,Submitted,26,9429,8210,2048,,131072,10258,unbalance1/django__django-11163/django__django-11163.traj.json
django__django-11179,Submitted,43,14180,11960,2048,,131072,14008,unbalance1/django__django-11179/django__django-11179.traj.json
django__django-11206,Submitted,35,12711,11907,2048,,131072,13955,unbalance1/django__django-11206/django__django-11206.traj.json
django__django-11211,Submitted,68,34129,33922,2048,,131072,35970,unbalance1/django__django-11211/django__django-11211.traj.json
django__django-11239,LimitsExceeded,135,65121,64671,2048,,131072,66719,unbalance1/django__django-11239/django__django-11239.traj.json
django__django-11265,LimitsExceeded,135,45908,45597,2048,,131072,47645,unbalance1/django__django-11265/django__django-11265.traj.json
django__django-11276,LimitsExceeded,135,45742,45649,2048,,131072,47697,unbalance1/django__django-11276/django__django-11276.traj.json
django__django-11292,Submitted,38,21548,12783,2048,,131072,14831,unbalance1/django__django-11292/django__django-11292.traj.json
django__django-11299,LimitsExceeded,135,59817,59497,2048,,131072,61545,unbalance1/django__django-11299/django__django-11299.traj.json
django__django-11333,LimitsExceeded,135,47498,47190,2048,,131072,49238,unbalance1/django__django-11333/django__django-11333.traj.json
django__django-11400,LimitsExceeded,135,17794,17711,2048,,131072,19759,unbalance1/django__django-11400/django__django-11400.traj.json
django__django-11433,LimitsExceeded,135,63075,62679,2048,,131072,64727,unbalance1/django__django-11433/django__django-11433.traj.json
django__django-11451,LimitsExceeded,135,58953,58577,2048,,131072,60625,unbalance1/django__django-11451/django__django-11451.traj.json
django__django-11477,Submitted,74,39809,37396,2048,,131072,39444,unbalance1/django__django-11477/django__django-11477.traj.json
django__django-11490,LimitsExceeded,135,31616,31341,2048,,131072,33389,unbalance1/django__django-11490/django__django-11490.traj.json
django__django-11532,ContextLengthExceeded,72,130209,127947,2048,130101,131072,131072,unbalance1/django__django-11532/django__django-11532.traj.json
django__django-11551,LimitsExceeded,135,85707,85011,2048,,131072,87059,unbalance1/django__django-11551/django__django-11551.traj.json
django__django-11555,LimitsExceeded,135,32635,32416,2048,,131072,34464,unbalance1/django__django-11555/django__django-11555.traj.json
django__django-11603,Submitted,12,10889,9341,2048,,131072,11389,unbalance1/django__django-11603/django__django-11603.traj.json
django__django-11728,LimitsExceeded,135,58740,58284,2048,,131072,60332,unbalance1/django__django-11728/django__django-11728.traj.json
django__django-11734,LimitsExceeded,135,83214,82608,2048,,131072,84656,unbalance1/django__django-11734/django__django-11734.traj.json
django__django-11740,ContextLengthExceeded,106,129488,127226,2048,129380,131072,131072,unbalance1/django__django-11740/django__django-11740.traj.json
django__django-11749,LimitsExceeded,135,36779,36534,2048,,131072,38582,unbalance1/django__django-11749/django__django-11749.traj.json
django__django-11790,LimitsExceeded,135,43737,43465,2048,,131072,45513,unbalance1/django__django-11790/django__django-11790.traj.json
django__django-11815,LimitsExceeded,135,39946,39722,2048,,131072,41770,unbalance1/django__django-11815/django__django-11815.traj.json
django__django-11820,LimitsExceeded,135,73873,73790,2048,,131072,75838,unbalance1/django__django-11820/django__django-11820.traj.json
django__django-11848,Submitted,22,9656,8316,2048,,131072,10364,unbalance1/django__django-11848/django__django-11848.traj.json
django__django-11880,Submitted,24,8989,8286,2048,,131072,10334,unbalance1/django__django-11880/django__django-11880.traj.json
django__django-11885,LimitsExceeded,135,72332,71766,2048,,131072,73814,unbalance1/django__django-11885/django__django-11885.traj.json
django__django-11951,LimitsExceeded,135,63872,63379,2048,,131072,65427,unbalance1/django__django-11951/django__django-11951.traj.json
django__django-11964,ContextLengthExceeded,118,129456,128186,2048,129348,131072,131072,unbalance1/django__django-11964/django__django-11964.traj.json
django__django-11999,Submitted,51,35679,14983,2048,,131072,17031,unbalance1/django__django-11999/django__django-11999.traj.json
django__django-12039,LimitsExceeded,135,109409,107253,2048,,131072,109301,unbalance1/django__django-12039/django__django-12039.traj.json
django__django-12050,Submitted,49,16385,16222,2048,,131072,18270,unbalance1/django__django-12050/django__django-12050.traj.json
django__django-12125,ContextLengthExceeded,108,129813,127551,2048,129705,131072,131072,unbalance1/django__django-12125/django__django-12125.traj.json
django__django-12143,LimitsExceeded,135,31265,31098,2048,,131072,33146,unbalance1/django__django-12143/django__django-12143.traj.json
django__django-12155,LimitsExceeded,135,39552,39150,2048,,131072,41198,unbalance1/django__django-12155/django__django-12155.traj.json
django__django-12193,Submitted,37,20289,18944,2048,,131072,20992,unbalance1/django__django-12193/django__django-12193.traj.json
django__django-12209,LimitsExceeded,135,66301,65680,2048,,131072,67728,unbalance1/django__django-12209/django__django-12209.traj.json
django__django-12262,LimitsExceeded,135,96015,95211,2048,,131072,97259,unbalance1/django__django-12262/django__django-12262.traj.json
django__django-12273,LimitsExceeded,135,62924,62447,2048,,131072,64495,unbalance1/django__django-12273/django__django-12273.traj.json
django__django-12276,Submitted,20,7006,6526,2048,,131072,8574,unbalance1/django__django-12276/django__django-12276.traj.json
django__django-12304,Submitted,9,4295,4240,2048,,131072,6288,unbalance1/django__django-12304/django__django-12304.traj.json
django__django-12308,LimitsExceeded,135,24399,24325,2048,,131072,26373,unbalance1/django__django-12308/django__django-12308.traj.json
django__django-12325,LimitsExceeded,135,54165,53775,2048,,131072,55823,unbalance1/django__django-12325/django__django-12325.traj.json
django__django-12406,LimitsExceeded,135,29535,29461,2048,,131072,31509,unbalance1/django__django-12406/django__django-12406.traj.json
django__django-12419,Submitted,24,11169,8822,2048,,131072,10870,unbalance1/django__django-12419/django__django-12419.traj.json
django__django-12663,Submitted,27,18369,16892,2048,,131072,18940,unbalance1/django__django-12663/django__django-12663.traj.json
django__django-12708,LimitsExceeded,135,20982,20907,2048,,131072,22955,unbalance1/django__django-12708/django__django-12708.traj.json
django__django-12713,Submitted,39,20940,17333,2048,,131072,19381,unbalance1/django__django-12713/django__django-12713.traj.json
django__django-12741,Submitted,25,6081,5358,2048,,131072,7406,unbalance1/django__django-12741/django__django-12741.traj.json
django__django-12754,ContextLengthExceeded,127,129694,128520,2048,129586,131072,131072,unbalance1/django__django-12754/django__django-12754.traj.json
django__django-12774,Submitted,17,10560,8724,2048,,131072,10772,unbalance1/django__django-12774/django__django-12774.traj.json
django__django-12858,LimitsExceeded,135,65165,64677,2048,,131072,66725,unbalance1/django__django-12858/django__django-12858.traj.json
django__django-12965,LimitsExceeded,135,45751,45278,2048,,131072,47326,unbalance1/django__django-12965/django__django-12965.traj.json
django__django-13012,ContextLengthExceeded,118,130167,127905,2048,130059,131072,131072,unbalance1/django__django-13012/django__django-13012.traj.json
django__django-13023,LimitsExceeded,135,33090,32975,2048,,131072,35023,unbalance1/django__django-13023/django__django-13023.traj.json
django__django-13028,Submitted,26,12954,12020,2048,,131072,14068,unbalance1/django__django-13028/django__django-13028.traj.json
django__django-13033,LimitsExceeded,135,48920,48708,2048,,131072,50756,unbalance1/django__django-13033/django__django-13033.traj.json
django__django-13089,LimitsExceeded,135,68242,67698,2048,,131072,69746,unbalance1/django__django-13089/django__django-13089.traj.json
django__django-13109,Submitted,32,12751,10900,2048,,131072,12948,unbalance1/django__django-13109/django__django-13109.traj.json
django__django-13112,LimitsExceeded,135,127495,125339,2048,,131072,127387,unbalance1/django__django-13112/django__django-13112.traj.json
django__django-13121,LimitsExceeded,135,32933,32647,2048,,131072,34695,unbalance1/django__django-13121/django__django-13121.traj.json
django__django-13128,LimitsExceeded,135,124846,122690,2048,,131072,124738,unbalance1/django__django-13128/django__django-13128.traj.json
django__django-13158,LimitsExceeded,135,46668,46179,2048,,131072,48227,unbalance1/django__django-13158/django__django-13158.traj.json
django__django-13195,Submitted,19,12544,7191,2048,,131072,9239,unbalance1/django__django-13195/django__django-13195.traj.json
django__django-13212,ContextLengthExceeded,126,130402,128878,2048,130294,131072,131072,unbalance1/django__django-13212/django__django-13212.traj.json
django__django-13279,LimitsExceeded,135,53062,52739,2048,,131072,54787,unbalance1/django__django-13279/django__django-13279.traj.json
django__django-13297,LimitsExceeded,135,59814,59313,2048,,131072,61361,unbalance1/django__django-13297/django__django-13297.traj.json
django__django-13315,LimitsExceeded,135,21952,21879,2048,,131072,23927,unbalance1/django__django-13315/django__django-13315.traj.json
django__django-13343,LimitsExceeded,135,31763,31675,2048,,131072,33723,unbalance1/django__django-13343/django__django-13343.traj.json
django__django-13344,ContextLengthExceeded,87,130454,128192,2048,130346,131072,131072,unbalance1/django__django-13344/django__django-13344.traj.json
django__django-13346,LimitsExceeded,135,85211,84621,2048,,131072,86669,unbalance1/django__django-13346/django__django-13346.traj.json
django__django-13363,ContextLengthExceeded,117,130237,129001,2048,130129,131072,131072,unbalance1/django__django-13363/django__django-13363.traj.json
django__django-13401,Submitted,21,8197,7125,2048,,131072,9173,unbalance1/django__django-13401/django__django-13401.traj.json
django__django-13406,ContextLengthExceeded,72,130178,127915,2048,130070,131072,131072,unbalance1/django__django-13406/django__django-13406.traj.json
django__django-13410,ContextLengthExceeded,126,130139,128901,2048,130031,131072,131072,unbalance1/django__django-13410/django__django-13410.traj.json
django__django-13417,ContextLengthExceeded,105,129175,126913,2048,129067,131072,131072,unbalance1/django__django-13417/django__django-13417.traj.json
django__django-13449,LimitsExceeded,135,26439,26370,2048,,131072,28418,unbalance1/django__django-13449/django__django-13449.traj.json
django__django-13512,LimitsExceeded,135,21750,21643,2048,,131072,23691,unbalance1/django__django-13512/django__django-13512.traj.json
django__django-13513,LimitsExceeded,135,49620,49143,2048,,131072,51191,unbalance1/django__django-13513/django__django-13513.traj.json
django__django-13516,LimitsExceeded,135,40070,39802,2048,,131072,41850,unbalance1/django__django-13516/django__django-13516.traj.json
django__django-13551,Submitted,16,9815,8897,2048,,131072,10945,unbalance1/django__django-13551/django__django-13551.traj.json
django__django-13568,Submitted,34,15366,14542,2048,,131072,16590,unbalance1/django__django-13568/django__django-13568.traj.json
django__django-13569,LimitsExceeded,135,62601,61768,2048,,131072,63816,unbalance1/django__django-13569/django__django-13569.traj.json
django__django-13590,LimitsExceeded,135,37773,37507,2048,,131072,39555,unbalance1/django__django-13590/django__django-13590.traj.json
django__django-13658,Submitted,42,20867,19270,2048,,131072,21318,unbalance1/django__django-13658/django__django-13658.traj.json
django__django-13670,Submitted,17,8975,8264,2048,,131072,10312,unbalance1/django__django-13670/django__django-13670.traj.json
django__django-13741,Submitted,33,10416,9872,2048,,131072,11920,unbalance1/django__django-13741/django__django-13741.traj.json
django__django-13786,LimitsExceeded,135,26253,26142,2048,,131072,28190,unbalance1/django__django-13786/django__django-13786.traj.json
django__django-13794,LimitsExceeded,135,27909,27718,2048,,131072,29766,unbalance1/django__django-13794/django__django-13794.traj.json
django__django-13807,LimitsExceeded,135,44435,44087,2048,,131072,46135,unbalance1/django__django-13807/django__django-13807.traj.json
django__django-13809,LimitsExceeded,135,31916,31758,2048,,131072,33806,unbalance1/django__django-13809/django__django-13809.traj.json
django__django-13810,LimitsExceeded,135,76647,76067,2048,,131072,78115,unbalance1/django__django-13810/django__django-13810.traj.json
django__django-13820,Submitted,34,23067,16550,2048,,131072,18598,unbalance1/django__django-13820/django__django-13820.traj.json
django__django-13821,ContextLengthExceeded,104,129953,127691,2048,129845,131072,131072,unbalance1/django__django-13821/django__django-13821.traj.json
django__django-13837,LimitsExceeded,135,37482,37238,2048,,131072,39286,unbalance1/django__django-13837/django__django-13837.traj.json
django__django-13925,LimitsExceeded,135,21215,21138,2048,,131072,23186,unbalance1/django__django-13925/django__django-13925.traj.json
django__django-13933,Submitted,50,32694,19342,2048,,131072,21390,unbalance1/django__django-13933/django__django-13933.traj.json
django__django-13964,LimitsExceeded,135,97318,96952,2048,,131072,99000,unbalance1/django__django-13964/django__django-13964.traj.json
django__django-14007,LimitsExceeded,135,39172,38920,2048,,131072,40968,unbalance1/django__django-14007/django__django-14007.traj.json
django__django-14011,LimitsExceeded,135,48017,47630,2048,,131072,49678,unbalance1/django__django-14011/django__django-14011.traj.json
django__django-14017,LimitsExceeded,135,106923,106765,2048,,131072,108813,unbalance1/django__django-14017/django__django-14017.traj.json
django__django-14034,LimitsExceeded,135,74019,73448,2048,,131072,75496,unbalance1/django__django-14034/django__django-14034.traj.json
django__django-14053,LimitsExceeded,135,64704,64517,2048,,131072,66565,unbalance1/django__django-14053/django__django-14053.traj.json
django__django-14089,LimitsExceeded,135,22711,22583,2048,,131072,24631,unbalance1/django__django-14089/django__django-14089.traj.json
django__django-14122,LimitsExceeded,135,27819,27704,2048,,131072,29752,unbalance1/django__django-14122/django__django-14122.traj.json
django__django-14140,LimitsExceeded,135,27915,27769,2048,,131072,29817,unbalance1/django__django-14140/django__django-14140.traj.json
django__django-14155,LimitsExceeded,135,49183,49104,2048,,131072,51152,unbalance1/django__django-14155/django__django-14155.traj.json
django__django-14170,LimitsExceeded,135,55868,55578,2048,,131072,57626,unbalance1/django__django-14170/django__django-14170.traj.json
django__django-14238,LimitsExceeded,135,44408,43977,2048,,131072,46025,unbalance1/django__django-14238/django__django-14238.traj.json
django__django-14311,LimitsExceeded,135,45627,45324,2048,,131072,47372,unbalance1/django__django-14311/django__django-14311.traj.json
django__django-14315,LimitsExceeded,135,49218,48856,2048,,131072,50904,unbalance1/django__django-14315/django__django-14315.traj.json
django__django-14349,LimitsExceeded,135,65863,65636,2048,,131072,67684,unbalance1/django__django-14349/django__django-14349.traj.json
django__django-14351,LimitsExceeded,135,36077,36012,2048,,131072,38060,unbalance1/django__django-14351/django__django-14351.traj.json
django__django-14373,Submitted,28,9743,8623,2048,,131072,10671,unbalance1/django__django-14373/django__django-14373.traj.json
django__django-14376,LimitsExceeded,135,16663,16574,2048,,131072,18622,unbalance1/django__django-14376/django__django-14376.traj.json
django__django-14404,LimitsExceeded,135,50791,50621,2048,,131072,52669,unbalance1/django__django-14404/django__django-14404.traj.json
django__django-14434,Submitted,32,14567,13866,2048,,131072,15914,unbalance1/django__django-14434/django__django-14434.traj.json
django__django-14493,LimitsExceeded,135,43523,43219,2048,,131072,45267,unbalance1/django__django-14493/django__django-14493.traj.json
django__django-14500,LimitsExceeded,135,58975,58654,2048,,131072,60702,unbalance1/django__django-14500/django__django-14500.traj.json
django__django-14534,LimitsExceeded,135,21067,20985,2048,,131072,23033,unbalance1/django__django-14534/django__django-14534.traj.json
django__django-14539,LimitsExceeded,135,24777,24623,2048,,131072,26671,unbalance1/django__django-14539/django__django-14539.traj.json
django__django-14559,LimitsExceeded,135,91118,90031,2048,,131072,92079,unbalance1/django__django-14559/django__django-14559.traj.json
django__django-14580,LimitsExceeded,135,65170,64764,2048,,131072,66812,unbalance1/django__django-14580/django__django-14580.traj.json
django__django-14608,LimitsExceeded,135,38025,37953,2048,,131072,40001,unbalance1/django__django-14608/django__django-14608.traj.json
django__django-14631,Submitted,32,16525,15000,2048,,131072,17048,unbalance1/django__django-14631/django__django-14631.traj.json
django__django-14672,LimitsExceeded,135,37096,36845,2048,,131072,38893,unbalance1/django__django-14672/django__django-14672.traj.json
django__django-14725,LimitsExceeded,135,74040,73502,2048,,131072,75550,unbalance1/django__django-14725/django__django-14725.traj.json
django__django-14752,Submitted,14,8162,7759,2048,,131072,9807,unbalance1/django__django-14752/django__django-14752.traj.json
django__django-14765,LimitsExceeded,135,45360,45116,2048,,131072,47164,unbalance1/django__django-14765/django__django-14765.traj.json
django__django-14771,LimitsExceeded,135,85842,85330,2048,,131072,87378,unbalance1/django__django-14771/django__django-14771.traj.json
django__django-14787,LimitsExceeded,135,27728,27553,2048,,131072,29601,unbalance1/django__django-14787/django__django-14787.traj.json
django__django-14792,LimitsExceeded,135,71420,70859,2048,,131072,72907,unbalance1/django__django-14792/django__django-14792.traj.json
django__django-14855,LimitsExceeded,135,68419,67888,2048,,131072,69936,unbalance1/django__django-14855/django__django-14855.traj.json
django__django-14915,Submitted,30,12540,11657,2048,,131072,13705,unbalance1/django__django-14915/django__django-14915.traj.json
django__django-14999,LimitsExceeded,135,28976,28800,2048,,131072,30848,unbalance1/django__django-14999/django__django-14999.traj.json
django__django-15022,LimitsExceeded,135,120609,119688,2048,,131072,121736,unbalance1/django__django-15022/django__django-15022.traj.json
django__django-15037,LimitsExceeded,135,60342,60008,2048,,131072,62056,unbalance1/django__django-15037/django__django-15037.traj.json
django__django-15098,LimitsExceeded,135,31842,31657,2048,,131072,33705,unbalance1/django__django-15098/django__django-15098.traj.json
django__django-15103,LimitsExceeded,135,63976,63507,2048,,131072,65555,unbalance1/django__django-15103/django__django-15103.traj.json
django__django-15104,Submitted,20,27723,11458,2048,,131072,13506,unbalance1/django__django-15104/django__django-15104.traj.json
django__django-15127,LimitsExceeded,135,49223,49056,2048,,131072,51104,unbalance1/django__django-15127/django__django-15127.traj.json
django__django-15128,LimitsExceeded,135,88982,88301,2048,,131072,90349,unbalance1/django__django-15128/django__django-15128.traj.json
django__django-15161,LimitsExceeded,135,120592,118436,2048,,131072,120484,unbalance1/django__django-15161/django__django-15161.traj.json
django__django-15252,LimitsExceeded,135,70006,69496,2048,,131072,71544,unbalance1/django__django-15252/django__django-15252.traj.json
django__django-15268,LimitsExceeded,135,42706,42501,2048,,131072,44549,unbalance1/django__django-15268/django__django-15268.traj.json
django__django-15277,LimitsExceeded,135,27886,27618,2048,,131072,29666,unbalance1/django__django-15277/django__django-15277.traj.json
django__django-15278,LimitsExceeded,135,62315,61871,2048,,131072,63919,unbalance1/django__django-15278/django__django-15278.traj.json
django__django-15280,LimitsExceeded,135,78415,77858,2048,,131072,79906,unbalance1/django__django-15280/django__django-15280.traj.json
django__django-15315,LimitsExceeded,135,36966,36772,2048,,131072,38820,unbalance1/django__django-15315/django__django-15315.traj.json
django__django-15368,LimitsExceeded,135,44265,43965,2048,,131072,46013,unbalance1/django__django-15368/django__django-15368.traj.json
django__django-15375,LimitsExceeded,135,36873,36631,2048,,131072,38679,unbalance1/django__django-15375/django__django-15375.traj.json
django__django-15380,LimitsExceeded,135,90131,89435,2048,,131072,91483,unbalance1/django__django-15380/django__django-15380.traj.json
django__django-15382,LimitsExceeded,135,19337,19266,2048,,131072,21314,unbalance1/django__django-15382/django__django-15382.traj.json
django__django-15467,LimitsExceeded,135,42461,42231,2048,,131072,44279,unbalance1/django__django-15467/django__django-15467.traj.json
django__django-15499,LimitsExceeded,135,55571,55146,2048,,131072,57194,unbalance1/django__django-15499/django__django-15499.traj.json
django__django-15503,LimitsExceeded,135,64843,64759,2048,,131072,66807,unbalance1/django__django-15503/django__django-15503.traj.json
django__django-15525,ContextLengthExceeded,108,129390,128083,2048,129282,131072,131072,unbalance1/django__django-15525/django__django-15525.traj.json
django__django-15554,LimitsExceeded,135,20507,20449,2048,,131072,22497,unbalance1/django__django-15554/django__django-15554.traj.json
django__django-15561,LimitsExceeded,135,129837,128793,2048,,131072,130841,unbalance1/django__django-15561/django__django-15561.traj.json
django__django-15563,LimitsExceeded,135,87099,86283,2048,,131072,88331,unbalance1/django__django-15563/django__django-15563.traj.json
django__django-15569,Submitted,10,6324,6051,2048,,131072,8099,unbalance1/django__django-15569/django__django-15569.traj.json
django__django-15572,Submitted,44,28042,24215,2048,,131072,26263,unbalance1/django__django-15572/django__django-15572.traj.json
django__django-15629,LimitsExceeded,135,50765,50510,2048,,131072,52558,unbalance1/django__django-15629/django__django-15629.traj.json
django__django-15695,ContextLengthExceeded,123,129785,127361,2048,129677,131072,131072,unbalance1/django__django-15695/django__django-15695.traj.json
django__django-15731,Submitted,16,6273,5768,2048,,131072,7816,unbalance1/django__django-15731/django__django-15731.traj.json
django__django-15732,LimitsExceeded,135,56576,56465,2048,,131072,58513,unbalance1/django__django-15732/django__django-15732.traj.json
django__django-15741,Submitted,28,9779,9576,2048,,131072,11624,unbalance1/django__django-15741/django__django-15741.traj.json
django__django-15814,LimitsExceeded,135,38486,38235,2048,,131072,40283,unbalance1/django__django-15814/django__django-15814.traj.json
django__django-15851,Submitted,40,11436,10879,2048,,131072,12927,unbalance1/django__django-15851/django__django-15851.traj.json
django__django-15863,LimitsExceeded,135,59418,59094,2048,,131072,61142,unbalance1/django__django-15863/django__django-15863.traj.json
django__django-15916,LimitsExceeded,135,46376,46223,2048,,131072,48271,unbalance1/django__django-15916/django__django-15916.traj.json
django__django-15930,LimitsExceeded,135,29663,29592,2048,,131072,31640,unbalance1/django__django-15930/django__django-15930.traj.json
django__django-15957,LimitsExceeded,135,32637,32565,2048,,131072,34613,unbalance1/django__django-15957/django__django-15957.traj.json
django__django-15973,LimitsExceeded,135,127499,126536,2048,,131072,128584,unbalance1/django__django-15973/django__django-15973.traj.json
django__django-15987,Submitted,31,11069,9900,2048,,131072,11948,unbalance1/django__django-15987/django__django-15987.traj.json
django__django-16032,LimitsExceeded,135,96581,96429,2048,,131072,98477,unbalance1/django__django-16032/django__django-16032.traj.json
django__django-16082,LimitsExceeded,135,41632,41485,2048,,131072,43533,unbalance1/django__django-16082/django__django-16082.traj.json
django__django-16100,LimitsExceeded,135,28709,28530,2048,,131072,30578,unbalance1/django__django-16100/django__django-16100.traj.json
django__django-16116,LimitsExceeded,135,31955,31823,2048,,131072,33871,unbalance1/django__django-16116/django__django-16116.traj.json
django__django-16136,ContextLengthExceeded,105,130180,127974,2048,130072,131072,131072,unbalance1/django__django-16136/django__django-16136.traj.json
django__django-16139,LimitsExceeded,135,103865,101709,2048,,131072,103757,unbalance1/django__django-16139/django__django-16139.traj.json
django__django-16145,Submitted,16,11036,8926,2048,,131072,10974,unbalance1/django__django-16145/django__django-16145.traj.json
django__django-16255,LimitsExceeded,135,25672,25579,2048,,131072,27627,unbalance1/django__django-16255/django__django-16255.traj.json
django__django-16256,LimitsExceeded,135,18263,18186,2048,,131072,20234,unbalance1/django__django-16256/django__django-16256.traj.json
django__django-16263,LimitsExceeded,135,18009,17910,2048,,131072,19958,unbalance1/django__django-16263/django__django-16263.traj.json
django__django-16315,LimitsExceeded,135,61074,60596,2048,,131072,62644,unbalance1/django__django-16315/django__django-16315.traj.json
django__django-16333,LimitsExceeded,135,75892,75339,2048,,131072,77387,unbalance1/django__django-16333/django__django-16333.traj.json
django__django-16429,LimitsExceeded,135,42479,42316,2048,,131072,44364,unbalance1/django__django-16429/django__django-16429.traj.json
django__django-16454,LimitsExceeded,135,50927,50490,2048,,131072,52538,unbalance1/django__django-16454/django__django-16454.traj.json
django__django-16485,LimitsExceeded,135,85932,83441,2048,,131072,85489,unbalance1/django__django-16485/django__django-16485.traj.json
django__django-16493,Submitted,25,12128,10754,2048,,131072,12802,unbalance1/django__django-16493/django__django-16493.traj.json
django__django-16502,Submitted,23,23658,21381,2048,,131072,23429,unbalance1/django__django-16502/django__django-16502.traj.json
django__django-16527,LimitsExceeded,135,83484,83397,2048,,131072,85445,unbalance1/django__django-16527/django__django-16527.traj.json
django__django-16560,LimitsExceeded,135,36931,36584,2048,,131072,38632,unbalance1/django__django-16560/django__django-16560.traj.json
django__django-16569,Submitted,19,7985,6932,2048,,131072,8980,unbalance1/django__django-16569/django__django-16569.traj.json
django__django-16595,Submitted,31,16896,15536,2048,,131072,17584,unbalance1/django__django-16595/django__django-16595.traj.json
django__django-16612,Submitted,26,14079,13833,2048,,131072,15881,unbalance1/django__django-16612/django__django-16612.traj.json
django__django-16631,LimitsExceeded,135,85904,85288,2048,,131072,87336,unbalance1/django__django-16631/django__django-16631.traj.json
django__django-16642,LimitsExceeded,135,42896,42593,2048,,131072,44641,unbalance1/django__django-16642/django__django-16642.traj.json
django__django-16661,LimitsExceeded,135,46653,46556,2048,,131072,48604,unbalance1/django__django-16661/django__django-16661.traj.json
django__django-16662,LimitsExceeded,135,20707,20590,2048,,131072,22638,unbalance1/django__django-16662/django__django-16662.traj.json
django__django-16667,LimitsExceeded,135,43933,43543,2048,,131072,45591,unbalance1/django__django-16667/django__django-16667.traj.json
django__django-16801,LimitsExceeded,135,29772,29647,2048,,131072,31695,unbalance1/django__django-16801/django__django-16801.traj.json
django__django-16819,LimitsExceeded,135,60739,60261,2048,,131072,62309,unbalance1/django__django-16819/django__django-16819.traj.json
django__django-16877,LimitsExceeded,135,46263,45922,2048,,131072,47970,unbalance1/django__django-16877/django__django-16877.traj.json
django__django-16899,ContextLengthExceeded,92,129625,127363,2048,129517,131072,131072,unbalance1/django__django-16899/django__django-16899.traj.json
django__django-16901,LimitsExceeded,135,42378,42198,2048,,131072,44246,unbalance1/django__django-16901/django__django-16901.traj.json
django__django-16938,LimitsExceeded,135,83191,82442,2048,,131072,84490,unbalance1/django__django-16938/django__django-16938.traj.json
django__django-16950,LimitsExceeded,135,66366,65913,2048,,131072,67961,unbalance1/django__django-16950/django__django-16950.traj.json
django__django-17029,Submitted,15,8724,8130,2048,,131072,10178,unbalance1/django__django-17029/django__django-17029.traj.json
django__django-17084,LimitsExceeded,135,28364,28268,2048,,131072,30316,unbalance1/django__django-17084/django__django-17084.traj.json
django__django-17087,LimitsExceeded,135,54679,54353,2048,,131072,56401,unbalance1/django__django-17087/django__django-17087.traj.json
django__django-7530,LimitsExceeded,135,73039,72549,2048,,131072,74597,unbalance1/django__django-7530/django__django-7530.traj.json
django__django-9296,Submitted,9,5775,5059,2048,,131072,7107,unbalance1/django__django-9296/django__django-9296.traj.json
matplotlib__matplotlib-13989,ContextLengthExceeded,55,131453,128883,2048,131374,131072,131072,unbalance1/matplotlib__matplotlib-13989/matplotlib__matplotlib-13989.traj.json
matplotlib__matplotlib-14623,LimitsExceeded,135,29207,28895,2048,,131072,30943,unbalance1/matplotlib__matplotlib-14623/matplotlib__matplotlib-14623.traj.json
matplotlib__matplotlib-20488,Submitted,49,26152,24395,2048,,131072,26443,unbalance1/matplotlib__matplotlib-20488/matplotlib__matplotlib-20488.traj.json
matplotlib__matplotlib-20676,LimitsExceeded,135,61070,60722,2048,,131072,62770,unbalance1/matplotlib__matplotlib-20676/matplotlib__matplotlib-20676.traj.json
matplotlib__matplotlib-20826,LimitsExceeded,135,36487,36354,2048,,131072,38402,unbalance1/matplotlib__matplotlib-20826/matplotlib__matplotlib-20826.traj.json
matplotlib__matplotlib-20859,Submitted,22,5965,5626,2048,,131072,7674,unbalance1/matplotlib__matplotlib-20859/matplotlib__matplotlib-20859.traj.json
matplotlib__matplotlib-21568,LimitsExceeded,135,25015,24848,2048,,131072,26896,unbalance1/matplotlib__matplotlib-21568/matplotlib__matplotlib-21568.traj.json
matplotlib__matplotlib-22719,LimitsExceeded,135,55363,54970,2048,,131072,57018,unbalance1/matplotlib__matplotlib-22719/matplotlib__matplotlib-22719.traj.json
matplotlib__matplotlib-22865,LimitsExceeded,135,106701,106576,2048,,131072,108624,unbalance1/matplotlib__matplotlib-22865/matplotlib__matplotlib-22865.traj.json
matplotlib__matplotlib-22871,Submitted,29,14907,13194,2048,,131072,15242,unbalance1/matplotlib__matplotlib-22871/matplotlib__matplotlib-22871.traj.json
matplotlib__matplotlib-23299,LimitsExceeded,135,19074,18929,2048,,131072,20977,unbalance1/matplotlib__matplotlib-23299/matplotlib__matplotlib-23299.traj.json
matplotlib__matplotlib-23314,Submitted,61,20317,20121,2048,,131072,22169,unbalance1/matplotlib__matplotlib-23314/matplotlib__matplotlib-23314.traj.json
matplotlib__matplotlib-23412,LimitsExceeded,135,19027,18883,2048,,131072,20931,unbalance1/matplotlib__matplotlib-23412/matplotlib__matplotlib-23412.traj.json
matplotlib__matplotlib-23476,ContextLengthExceeded,100,131362,128032,2048,131283,131072,131072,unbalance1/matplotlib__matplotlib-23476/matplotlib__matplotlib-23476.traj.json
matplotlib__matplotlib-24026,ContextLengthExceeded,117,129713,128351,2048,129605,131072,131072,unbalance1/matplotlib__matplotlib-24026/matplotlib__matplotlib-24026.traj.json
matplotlib__matplotlib-24149,Submitted,15,7625,6750,2048,,131072,8798,unbalance1/matplotlib__matplotlib-24149/matplotlib__matplotlib-24149.traj.json
matplotlib__matplotlib-24177,Submitted,44,24658,23049,2048,,131072,25097,unbalance1/matplotlib__matplotlib-24177/matplotlib__matplotlib-24177.traj.json
matplotlib__matplotlib-24570,Submitted,20,8783,7094,2048,,131072,9142,unbalance1/matplotlib__matplotlib-24570/matplotlib__matplotlib-24570.traj.json
matplotlib__matplotlib-24627,ContextLengthExceeded,92,130871,128461,2048,130763,131072,131072,unbalance1/matplotlib__matplotlib-24627/matplotlib__matplotlib-24627.traj.json
matplotlib__matplotlib-24637,LimitsExceeded,135,45470,45078,2048,,131072,47126,unbalance1/matplotlib__matplotlib-24637/matplotlib__matplotlib-24637.traj.json
matplotlib__matplotlib-24870,LimitsExceeded,135,47544,47227,2048,,131072,49275,unbalance1/matplotlib__matplotlib-24870/matplotlib__matplotlib-24870.traj.json
matplotlib__matplotlib-24970,Submitted,21,8231,7637,2048,,131072,9685,unbalance1/matplotlib__matplotlib-24970/matplotlib__matplotlib-24970.traj.json
matplotlib__matplotlib-25122,LimitsExceeded,135,57330,56944,2048,,131072,58992,unbalance1/matplotlib__matplotlib-25122/matplotlib__matplotlib-25122.traj.json
matplotlib__matplotlib-25287,LimitsExceeded,135,48859,48724,2048,,131072,50772,unbalance1/matplotlib__matplotlib-25287/matplotlib__matplotlib-25287.traj.json
matplotlib__matplotlib-25311,ContextLengthExceeded,100,129423,127999,2048,129315,131072,131072,unbalance1/matplotlib__matplotlib-25311/matplotlib__matplotlib-25311.traj.json
matplotlib__matplotlib-25332,LimitsExceeded,135,45445,45150,2048,,131072,47198,unbalance1/matplotlib__matplotlib-25332/matplotlib__matplotlib-25332.traj.json
matplotlib__matplotlib-25479,LimitsExceeded,135,63211,62934,2048,,131072,64982,unbalance1/matplotlib__matplotlib-25479/matplotlib__matplotlib-25479.traj.json
matplotlib__matplotlib-25775,LimitsExceeded,135,81064,80077,2048,,131072,82125,unbalance1/matplotlib__matplotlib-25775/matplotlib__matplotlib-25775.traj.json
matplotlib__matplotlib-25960,LimitsExceeded,135,42925,42750,2048,,131072,44798,unbalance1/matplotlib__matplotlib-25960/matplotlib__matplotlib-25960.traj.json
matplotlib__matplotlib-26113,LimitsExceeded,135,92646,91968,2048,,131072,94016,unbalance1/matplotlib__matplotlib-26113/matplotlib__matplotlib-26113.traj.json
matplotlib__matplotlib-26208,LimitsExceeded,135,31728,31572,2048,,131072,33620,unbalance1/matplotlib__matplotlib-26208/matplotlib__matplotlib-26208.traj.json
matplotlib__matplotlib-26291,ContextLengthExceeded,129,129910,127648,2048,129802,131072,131072,unbalance1/matplotlib__matplotlib-26291/matplotlib__matplotlib-26291.traj.json
matplotlib__matplotlib-26342,LimitsExceeded,135,17389,17233,2048,,131072,19281,unbalance1/matplotlib__matplotlib-26342/matplotlib__matplotlib-26342.traj.json
matplotlib__matplotlib-26466,Submitted,42,16317,15699,2048,,131072,17747,unbalance1/matplotlib__matplotlib-26466/matplotlib__matplotlib-26466.traj.json
mwaskom__seaborn-3069,LimitsExceeded,135,30281,30157,2048,,131072,32205,unbalance1/mwaskom__seaborn-3069/mwaskom__seaborn-3069.traj.json
mwaskom__seaborn-3187,LimitsExceeded,135,49145,48767,2048,,131072,50815,unbalance1/mwaskom__seaborn-3187/mwaskom__seaborn-3187.traj.json
pallets__flask-5014,LimitsExceeded,135,25294,25132,2048,,131072,27180,unbalance1/pallets__flask-5014/pallets__flask-5014.traj.json
psf__requests-1142,LimitsExceeded,135,28033,27880,2048,,131072,29928,unbalance1/psf__requests-1142/psf__requests-1142.traj.json
psf__requests-1724,Submitted,38,16288,15279,2048,,131072,17327,unbalance1/psf__requests-1724/psf__requests-1724.traj.json
psf__requests-1766,LimitsExceeded,135,41254,41109,2048,,131072,43157,unbalance1/psf__requests-1766/psf__requests-1766.traj.json
psf__requests-1921,LimitsExceeded,135,85680,84993,2048,,131072,87041,unbalance1/psf__requests-1921/psf__requests-1921.traj.json
psf__requests-2317,Submitted,31,11010,9933,2048,,131072,11981,unbalance1/psf__requests-2317/psf__requests-2317.traj.json
psf__requests-2931,LimitsExceeded,135,43922,43783,2048,,131072,45831,unbalance1/psf__requests-2931/psf__requests-2931.traj.json
psf__requests-5414,ContextLengthExceeded,87,132358,128800,2048,132279,131072,131072,unbalance1/psf__requests-5414/psf__requests-5414.traj.json
psf__requests-6028,ContextLengthExceeded,74,130143,127881,2048,130035,131072,131072,unbalance1/psf__requests-6028/psf__requests-6028.traj.json
pydata__xarray-2905,LimitsExceeded,135,31966,31799,2048,,131072,33847,unbalance1/pydata__xarray-2905/pydata__xarray-2905.traj.json
pydata__xarray-3095,LimitsExceeded,135,32588,32372,2048,,131072,34420,unbalance1/pydata__xarray-3095/pydata__xarray-3095.traj.json
pydata__xarray-3151,LimitsExceeded,135,38228,38085,2048,,131072,40133,unbalance1/pydata__xarray-3151/pydata__xarray-3151.traj.json
pydata__xarray-3305,ContextLengthExceeded,54,131689,128154,2048,131610,131072,131072,unbalance1/pydata__xarray-3305/pydata__xarray-3305.traj.json
pydata__xarray-3677,LimitsExceeded,135,70876,70321,2048,,131072,72369,unbalance1/pydata__xarray-3677/pydata__xarray-3677.traj.json
pydata__xarray-3993,LimitsExceeded,135,57849,56943,2048,,131072,58991,unbalance1/pydata__xarray-3993/pydata__xarray-3993.traj.json
pydata__xarray-4075,Submitted,25,17921,17051,2048,,131072,19099,unbalance1/pydata__xarray-4075/pydata__xarray-4075.traj.json
pydata__xarray-4094,LimitsExceeded,135,45660,45524,2048,,131072,47572,unbalance1/pydata__xarray-4094/pydata__xarray-4094.traj.json
pydata__xarray-4356,LimitsExceeded,135,23374,23216,2048,,131072,25264,unbalance1/pydata__xarray-4356/pydata__xarray-4356.traj.json
pydata__xarray-4629,Submitted,51,13500,13134,2048,,131072,15182,unbalance1/pydata__xarray-4629/pydata__xarray-4629.traj.json
pydata__xarray-4687,LimitsExceeded,135,84811,84642,2048,,131072,86690,unbalance1/pydata__xarray-4687/pydata__xarray-4687.traj.json
pydata__xarray-4695,ContextLengthExceeded,74,131095,128532,2048,130987,131072,131072,unbalance1/pydata__xarray-4695/pydata__xarray-4695.traj.json
pydata__xarray-4966,LimitsExceeded,135,36453,36301,2048,,131072,38349,unbalance1/pydata__xarray-4966/pydata__xarray-4966.traj.json
pydata__xarray-6461,LimitsExceeded,135,28016,27857,2048,,131072,29905,unbalance1/pydata__xarray-6461/pydata__xarray-6461.traj.json
pydata__xarray-6599,LimitsExceeded,135,51087,50882,2048,,131072,52930,unbalance1/pydata__xarray-6599/pydata__xarray-6599.traj.json
pydata__xarray-6721,Submitted,13,17046,16831,2048,,131072,18879,unbalance1/pydata__xarray-6721/pydata__xarray-6721.traj.json
pydata__xarray-6744,ContextLengthExceeded,54,131726,128747,2048,131647,131072,131072,unbalance1/pydata__xarray-6744/pydata__xarray-6744.traj.json
pydata__xarray-6938,LimitsExceeded,135,108274,107471,2048,,131072,109519,unbalance1/pydata__xarray-6938/pydata__xarray-6938.traj.json
pydata__xarray-6992,Submitted,25,9930,8990,2048,,131072,11038,unbalance1/pydata__xarray-6992/pydata__xarray-6992.traj.json
pydata__xarray-7229,LimitsExceeded,135,102422,102275,2048,,131072,104323,unbalance1/pydata__xarray-7229/pydata__xarray-7229.traj.json
pydata__xarray-7233,ContextLengthExceeded,60,130884,128334,2048,130776,131072,131072,unbalance1/pydata__xarray-7233/pydata__xarray-7233.traj.json
pydata__xarray-7393,LimitsExceeded,135,46885,46745,2048,,131072,48793,unbalance1/pydata__xarray-7393/pydata__xarray-7393.traj.json
pylint-dev__pylint-4551,ContextLengthExceeded,94,130830,128568,2048,130722,131072,131072,unbalance1/pylint-dev__pylint-4551/pylint-dev__pylint-4551.traj.json
pylint-dev__pylint-4604,LimitsExceeded,135,41391,41192,2048,,131072,43240,unbalance1/pylint-dev__pylint-4604/pylint-dev__pylint-4604.traj.json
pylint-dev__pylint-4661,LimitsExceeded,135,69989,69871,2048,,131072,71919,unbalance1/pylint-dev__pylint-4661/pylint-dev__pylint-4661.traj.json
pylint-dev__pylint-4970,LimitsExceeded,135,19587,19450,2048,,131072,21498,unbalance1/pylint-dev__pylint-4970/pylint-dev__pylint-4970.traj.json
pylint-dev__pylint-6386,Submitted,26,18868,17940,2048,,131072,19988,unbalance1/pylint-dev__pylint-6386/pylint-dev__pylint-6386.traj.json
pylint-dev__pylint-6528,ContextLengthExceeded,45,230765,126332,2048,230686,131072,131072,unbalance1/pylint-dev__pylint-6528/pylint-dev__pylint-6528.traj.json
pylint-dev__pylint-6903,Submitted,17,7477,6959,2048,,131072,9007,unbalance1/pylint-dev__pylint-6903/pylint-dev__pylint-6903.traj.json
pylint-dev__pylint-7080,Submitted,39,24824,24216,2048,,131072,26264,unbalance1/pylint-dev__pylint-7080/pylint-dev__pylint-7080.traj.json
pylint-dev__pylint-7277,Submitted,31,28243,26157,2048,,131072,28205,unbalance1/pylint-dev__pylint-7277/pylint-dev__pylint-7277.traj.json
pylint-dev__pylint-8898,LimitsExceeded,135,26695,26555,2048,,131072,28603,unbalance1/pylint-dev__pylint-8898/pylint-dev__pylint-8898.traj.json
pytest-dev__pytest-10051,Submitted,31,11054,11010,2048,,131072,13058,unbalance1/pytest-dev__pytest-10051/pytest-dev__pytest-10051.traj.json
pytest-dev__pytest-10081,LimitsExceeded,135,22125,22013,2048,,131072,24061,unbalance1/pytest-dev__pytest-10081/pytest-dev__pytest-10081.traj.json
pytest-dev__pytest-10356,LimitsExceeded,135,32069,31912,2048,,131072,33960,unbalance1/pytest-dev__pytest-10356/pytest-dev__pytest-10356.traj.json
pytest-dev__pytest-5262,LimitsExceeded,135,58111,57896,2048,,131072,59944,unbalance1/pytest-dev__pytest-5262/pytest-dev__pytest-5262.traj.json
pytest-dev__pytest-5631,LimitsExceeded,135,21568,21390,2048,,131072,23438,unbalance1/pytest-dev__pytest-5631/pytest-dev__pytest-5631.traj.json
pytest-dev__pytest-5787,LimitsExceeded,135,55116,54974,2048,,131072,57022,unbalance1/pytest-dev__pytest-5787/pytest-dev__pytest-5787.traj.json
pytest-dev__pytest-5809,LimitsExceeded,135,60213,59779,2048,,131072,61827,unbalance1/pytest-dev__pytest-5809/pytest-dev__pytest-5809.traj.json
pytest-dev__pytest-5840,LimitsExceeded,135,70170,70031,2048,,131072,72079,unbalance1/pytest-dev__pytest-5840/pytest-dev__pytest-5840.traj.json
pytest-dev__pytest-6197,LimitsExceeded,135,45043,44904,2048,,131072,46952,unbalance1/pytest-dev__pytest-6197/pytest-dev__pytest-6197.traj.json
pytest-dev__pytest-6202,LimitsExceeded,135,35331,35157,2048,,131072,37205,unbalance1/pytest-dev__pytest-6202/pytest-dev__pytest-6202.traj.json
pytest-dev__pytest-7205,LimitsExceeded,135,45771,45563,2048,,131072,47611,unbalance1/pytest-dev__pytest-7205/pytest-dev__pytest-7205.traj.json
pytest-dev__pytest-7236,ContextLengthExceeded,122,130534,128272,2048,130426,131072,131072,unbalance1/pytest-dev__pytest-7236/pytest-dev__pytest-7236.traj.json
pytest-dev__pytest-7324,ContextLengthExceeded,130,131065,128803,2048,130957,131072,131072,unbalance1/pytest-dev__pytest-7324/pytest-dev__pytest-7324.traj.json
pytest-dev__pytest-7432,LimitsExceeded,135,29254,29097,2048,,131072,31145,unbalance1/pytest-dev__pytest-7432/pytest-dev__pytest-7432.traj.json
pytest-dev__pytest-7490,LimitsExceeded,135,42393,42246,2048,,131072,44294,unbalance1/pytest-dev__pytest-7490/pytest-dev__pytest-7490.traj.json
pytest-dev__pytest-7521,ContextLengthExceeded,80,131581,128955,2048,131502,131072,131072,unbalance1/pytest-dev__pytest-7521/pytest-dev__pytest-7521.traj.json
pytest-dev__pytest-7571,Submitted,33,13742,13112,2048,,131072,15160,unbalance1/pytest-dev__pytest-7571/pytest-dev__pytest-7571.traj.json
pytest-dev__pytest-7982,Submitted,10,8728,8386,2048,,131072,10434,unbalance1/pytest-dev__pytest-7982/pytest-dev__pytest-7982.traj.json
pytest-dev__pytest-8399,Submitted,50,35242,34257,2048,,131072,36305,unbalance1/pytest-dev__pytest-8399/pytest-dev__pytest-8399.traj.json
scikit-learn__scikit-learn-10297,LimitsExceeded,135,32169,31970,2048,,131072,34018,unbalance1/scikit-learn__scikit-learn-10297/scikit-learn__scikit-learn-10297.traj.json
scikit-learn__scikit-learn-10844,Submitted,21,7048,5853,2048,,131072,7901,unbalance1/scikit-learn__scikit-learn-10844/scikit-learn__scikit-learn-10844.traj.json
scikit-learn__scikit-learn-10908,LimitsExceeded,135,44196,43844,2048,,131072,45892,unbalance1/scikit-learn__scikit-learn-10908/scikit-learn__scikit-learn-10908.traj.json
scikit-learn__scikit-learn-11310,LimitsExceeded,135,32831,32668,2048,,131072,34716,unbalance1/scikit-learn__scikit-learn-11310/scikit-learn__scikit-learn-11310.traj.json
scikit-learn__scikit-learn-11578,ContextLengthExceeded,132,129475,128346,2048,129367,131072,131072,unbalance1/scikit-learn__scikit-learn-11578/scikit-learn__scikit-learn-11578.traj.json
scikit-learn__scikit-learn-12585,ContextLengthExceeded,85,129194,126932,2048,129086,131072,131072,unbalance1/scikit-learn__scikit-learn-12585/scikit-learn__scikit-learn-12585.traj.json
scikit-learn__scikit-learn-12682,Submitted,25,13756,11989,2048,,131072,14037,unbalance1/scikit-learn__scikit-learn-12682/scikit-learn__scikit-learn-12682.traj.json
scikit-learn__scikit-learn-12973,LimitsExceeded,135,30300,30109,2048,,131072,32157,unbalance1/scikit-learn__scikit-learn-12973/scikit-learn__scikit-learn-12973.traj.json
scikit-learn__scikit-learn-13124,LimitsExceeded,135,51617,51459,2048,,131072,53507,unbalance1/scikit-learn__scikit-learn-13124/scikit-learn__scikit-learn-13124.traj.json
scikit-learn__scikit-learn-13135,Submitted,12,12670,11827,2048,,131072,13875,unbalance1/scikit-learn__scikit-learn-13135/scikit-learn__scikit-learn-13135.traj.json
scikit-learn__scikit-learn-13142,LimitsExceeded,135,124523,122963,2048,,131072,125011,unbalance1/scikit-learn__scikit-learn-13142/scikit-learn__scikit-learn-13142.traj.json
scikit-learn__scikit-learn-13328,Submitted,21,10623,10239,2048,,131072,12287,unbalance1/scikit-learn__scikit-learn-13328/scikit-learn__scikit-learn-13328.traj.json
scikit-learn__scikit-learn-13439,LimitsExceeded,135,91833,91633,2048,,131072,93681,unbalance1/scikit-learn__scikit-learn-13439/scikit-learn__scikit-learn-13439.traj.json
scikit-learn__scikit-learn-13496,ContextLengthExceeded,109,130125,128563,2048,130017,131072,131072,unbalance1/scikit-learn__scikit-learn-13496/scikit-learn__scikit-learn-13496.traj.json
scikit-learn__scikit-learn-13779,LimitsExceeded,135,70838,70324,2048,,131072,72372,unbalance1/scikit-learn__scikit-learn-13779/scikit-learn__scikit-learn-13779.traj.json
scikit-learn__scikit-learn-14053,Submitted,26,21706,20740,2048,,131072,22788,unbalance1/scikit-learn__scikit-learn-14053/scikit-learn__scikit-learn-14053.traj.json
scikit-learn__scikit-learn-14087,LimitsExceeded,135,36052,35905,2048,,131072,37953,unbalance1/scikit-learn__scikit-learn-14087/scikit-learn__scikit-learn-14087.traj.json
scikit-learn__scikit-learn-14141,Submitted,16,9277,8980,2048,,131072,11028,unbalance1/scikit-learn__scikit-learn-14141/scikit-learn__scikit-learn-14141.traj.json
scikit-learn__scikit-learn-14496,Submitted,16,10291,9539,2048,,131072,11587,unbalance1/scikit-learn__scikit-learn-14496/scikit-learn__scikit-learn-14496.traj.json
scikit-learn__scikit-learn-14629,LimitsExceeded,135,38428,38158,2048,,131072,40206,unbalance1/scikit-learn__scikit-learn-14629/scikit-learn__scikit-learn-14629.traj.json
scikit-learn__scikit-learn-14710,LimitsExceeded,135,59545,59135,2048,,131072,61183,unbalance1/scikit-learn__scikit-learn-14710/scikit-learn__scikit-learn-14710.traj.json
scikit-learn__scikit-learn-14894,LimitsExceeded,135,95761,95511,2048,,131072,97559,unbalance1/scikit-learn__scikit-learn-14894/scikit-learn__scikit-learn-14894.traj.json
scikit-learn__scikit-learn-14983,LimitsExceeded,135,26699,26530,2048,,131072,28578,unbalance1/scikit-learn__scikit-learn-14983/scikit-learn__scikit-learn-14983.traj.json
scikit-learn__scikit-learn-15100,LimitsExceeded,135,36694,36427,2048,,131072,38475,unbalance1/scikit-learn__scikit-learn-15100/scikit-learn__scikit-learn-15100.traj.json
scikit-learn__scikit-learn-25102,LimitsExceeded,135,93041,90885,2048,,131072,92933,unbalance1/scikit-learn__scikit-learn-25102/scikit-learn__scikit-learn-25102.traj.json
scikit-learn__scikit-learn-25232,LimitsExceeded,135,42332,42173,2048,,131072,44221,unbalance1/scikit-learn__scikit-learn-25232/scikit-learn__scikit-learn-25232.traj.json
scikit-learn__scikit-learn-25747,LimitsExceeded,135,56882,56517,2048,,131072,58565,unbalance1/scikit-learn__scikit-learn-25747/scikit-learn__scikit-learn-25747.traj.json
scikit-learn__scikit-learn-25931,LimitsExceeded,135,55342,55181,2048,,131072,57229,unbalance1/scikit-learn__scikit-learn-25931/scikit-learn__scikit-learn-25931.traj.json
scikit-learn__scikit-learn-25973,LimitsExceeded,135,55462,55301,2048,,131072,57349,unbalance1/scikit-learn__scikit-learn-25973/scikit-learn__scikit-learn-25973.traj.json
scikit-learn__scikit-learn-26194,Submitted,28,10167,8642,2048,,131072,10690,unbalance1/scikit-learn__scikit-learn-26194/scikit-learn__scikit-learn-26194.traj.json
scikit-learn__scikit-learn-26323,LimitsExceeded,135,51403,51115,2048,,131072,53163,unbalance1/scikit-learn__scikit-learn-26323/scikit-learn__scikit-learn-26323.traj.json
scikit-learn__scikit-learn-9288,LimitsExceeded,135,72425,72096,2048,,131072,74144,unbalance1/scikit-learn__scikit-learn-9288/scikit-learn__scikit-learn-9288.traj.json
sphinx-doc__sphinx-10323,LimitsExceeded,135,37584,37448,2048,,131072,39496,unbalance1/sphinx-doc__sphinx-10323/sphinx-doc__sphinx-10323.traj.json
sphinx-doc__sphinx-10435,LimitsExceeded,135,33664,33518,2048,,131072,35566,unbalance1/sphinx-doc__sphinx-10435/sphinx-doc__sphinx-10435.traj.json
sphinx-doc__sphinx-10449,LimitsExceeded,135,28727,28578,2048,,131072,30626,unbalance1/sphinx-doc__sphinx-10449/sphinx-doc__sphinx-10449.traj.json
sphinx-doc__sphinx-10466,LimitsExceeded,135,100032,99778,2048,,131072,101826,unbalance1/sphinx-doc__sphinx-10466/sphinx-doc__sphinx-10466.traj.json
sphinx-doc__sphinx-10614,LimitsExceeded,135,32531,32388,2048,,131072,34436,unbalance1/sphinx-doc__sphinx-10614/sphinx-doc__sphinx-10614.traj.json
sphinx-doc__sphinx-10673,LimitsExceeded,135,67768,67349,2048,,131072,69397,unbalance1/sphinx-doc__sphinx-10673/sphinx-doc__sphinx-10673.traj.json
sphinx-doc__sphinx-11445,LimitsExceeded,135,60132,59975,2048,,131072,62023,unbalance1/sphinx-doc__sphinx-11445/sphinx-doc__sphinx-11445.traj.json
sphinx-doc__sphinx-11510,LimitsExceeded,135,50805,50636,2048,,131072,52684,unbalance1/sphinx-doc__sphinx-11510/sphinx-doc__sphinx-11510.traj.json
sphinx-doc__sphinx-7440,LimitsExceeded,135,21763,21541,2048,,131072,23589,unbalance1/sphinx-doc__sphinx-7440/sphinx-doc__sphinx-7440.traj.json
sphinx-doc__sphinx-7454,ContextLengthExceeded,62,130174,127780,2048,130066,131072,131072,unbalance1/sphinx-doc__sphinx-7454/sphinx-doc__sphinx-7454.traj.json
sphinx-doc__sphinx-7462,LimitsExceeded,135,47057,46674,2048,,131072,48722,unbalance1/sphinx-doc__sphinx-7462/sphinx-doc__sphinx-7462.traj.json
sphinx-doc__sphinx-7590,LimitsExceeded,135,56891,56479,2048,,131072,58527,unbalance1/sphinx-doc__sphinx-7590/sphinx-doc__sphinx-7590.traj.json
sphinx-doc__sphinx-7748,LimitsExceeded,135,70108,69621,2048,,131072,71669,unbalance1/sphinx-doc__sphinx-7748/sphinx-doc__sphinx-7748.traj.json
sphinx-doc__sphinx-7757,LimitsExceeded,135,31290,31108,2048,,131072,33156,unbalance1/sphinx-doc__sphinx-7757/sphinx-doc__sphinx-7757.traj.json
sphinx-doc__sphinx-7889,LimitsExceeded,135,92251,92023,2048,,131072,94071,unbalance1/sphinx-doc__sphinx-7889/sphinx-doc__sphinx-7889.traj.json
sphinx-doc__sphinx-7910,LimitsExceeded,135,54813,54648,2048,,131072,56696,unbalance1/sphinx-doc__sphinx-7910/sphinx-doc__sphinx-7910.traj.json
sphinx-doc__sphinx-7985,LimitsExceeded,135,40828,40568,2048,,131072,42616,unbalance1/sphinx-doc__sphinx-7985/sphinx-doc__sphinx-7985.traj.json
sphinx-doc__sphinx-8035,Submitted,30,43475,21997,2048,,131072,24045,unbalance1/sphinx-doc__sphinx-8035/sphinx-doc__sphinx-8035.traj.json
sphinx-doc__sphinx-8056,LimitsExceeded,135,45812,45654,2048,,131072,47702,unbalance1/sphinx-doc__sphinx-8056/sphinx-doc__sphinx-8056.traj.json
sphinx-doc__sphinx-8120,LimitsExceeded,135,41950,41792,2048,,131072,43840,unbalance1/sphinx-doc__sphinx-8120/sphinx-doc__sphinx-8120.traj.json
sphinx-doc__sphinx-8265,LimitsExceeded,135,49494,49338,2048,,131072,51386,unbalance1/sphinx-doc__sphinx-8265/sphinx-doc__sphinx-8265.traj.json
sphinx-doc__sphinx-8269,Submitted,43,34722,33043,2048,,131072,35091,unbalance1/sphinx-doc__sphinx-8269/sphinx-doc__sphinx-8269.traj.json
sphinx-doc__sphinx-8459,LimitsExceeded,135,36266,36118,2048,,131072,38166,unbalance1/sphinx-doc__sphinx-8459/sphinx-doc__sphinx-8459.traj.json
sphinx-doc__sphinx-8475,LimitsExceeded,135,57101,56608,2048,,131072,58656,unbalance1/sphinx-doc__sphinx-8475/sphinx-doc__sphinx-8475.traj.json
sphinx-doc__sphinx-8548,LimitsExceeded,135,57344,57202,2048,,131072,59250,unbalance1/sphinx-doc__sphinx-8548/sphinx-doc__sphinx-8548.traj.json
sphinx-doc__sphinx-8551,LimitsExceeded,135,22618,22483,2048,,131072,24531,unbalance1/sphinx-doc__sphinx-8551/sphinx-doc__sphinx-8551.traj.json
sphinx-doc__sphinx-8593,LimitsExceeded,135,42812,42669,2048,,131072,44717,unbalance1/sphinx-doc__sphinx-8593/sphinx-doc__sphinx-8593.traj.json
sphinx-doc__sphinx-8595,LimitsExceeded,135,42844,42636,2048,,131072,44684,unbalance1/sphinx-doc__sphinx-8595/sphinx-doc__sphinx-8595.traj.json
sphinx-doc__sphinx-8621,Submitted,33,14099,11810,2048,,131072,13858,unbalance1/sphinx-doc__sphinx-8621/sphinx-doc__sphinx-8621.traj.json
sphinx-doc__sphinx-8638,LimitsExceeded,135,44096,43891,2048,,131072,45939,unbalance1/sphinx-doc__sphinx-8638/sphinx-doc__sphinx-8638.traj.json
sphinx-doc__sphinx-8721,ContextLengthExceeded,101,129746,127484,2048,129638,131072,131072,unbalance1/sphinx-doc__sphinx-8721/sphinx-doc__sphinx-8721.traj.json
sphinx-doc__sphinx-9229,LimitsExceeded,135,40348,40180,2048,,131072,42228,unbalance1/sphinx-doc__sphinx-9229/sphinx-doc__sphinx-9229.traj.json
sphinx-doc__sphinx-9230,LimitsExceeded,135,58805,58493,2048,,131072,60541,unbalance1/sphinx-doc__sphinx-9230/sphinx-doc__sphinx-9230.traj.json
sphinx-doc__sphinx-9258,LimitsExceeded,135,30089,29938,2048,,131072,31986,unbalance1/sphinx-doc__sphinx-9258/sphinx-doc__sphinx-9258.traj.json
sphinx-doc__sphinx-9281,Submitted,28,16019,15598,2048,,131072,17646,unbalance1/sphinx-doc__sphinx-9281/sphinx-doc__sphinx-9281.traj.json
sphinx-doc__sphinx-9320,LimitsExceeded,135,85889,85750,2048,,131072,87798,unbalance1/sphinx-doc__sphinx-9320/sphinx-doc__sphinx-9320.traj.json
sphinx-doc__sphinx-9367,Submitted,14,9413,8928,2048,,131072,10976,unbalance1/sphinx-doc__sphinx-9367/sphinx-doc__sphinx-9367.traj.json
sphinx-doc__sphinx-9461,LimitsExceeded,135,48672,48429,2048,,131072,50477,unbalance1/sphinx-doc__sphinx-9461/sphinx-doc__sphinx-9461.traj.json
sphinx-doc__sphinx-9591,LimitsExceeded,135,114081,113928,2048,,131072,115976,unbalance1/sphinx-doc__sphinx-9591/sphinx-doc__sphinx-9591.traj.json
sphinx-doc__sphinx-9602,LimitsExceeded,135,34628,34491,2048,,131072,36539,unbalance1/sphinx-doc__sphinx-9602/sphinx-doc__sphinx-9602.traj.json
sphinx-doc__sphinx-9658,LimitsExceeded,135,34391,34265,2048,,131072,36313,unbalance1/sphinx-doc__sphinx-9658/sphinx-doc__sphinx-9658.traj.json
sphinx-doc__sphinx-9673,LimitsExceeded,135,58614,58468,2048,,131072,60516,unbalance1/sphinx-doc__sphinx-9673/sphinx-doc__sphinx-9673.traj.json
sphinx-doc__sphinx-9698,LimitsExceeded,135,30638,30415,2048,,131072,32463,unbalance1/sphinx-doc__sphinx-9698/sphinx-doc__sphinx-9698.traj.json
sphinx-doc__sphinx-9711,Submitted,39,21343,17646,2048,,131072,19694,unbalance1/sphinx-doc__sphinx-9711/sphinx-doc__sphinx-9711.traj.json
sympy__sympy-11618,LimitsExceeded,135,62977,62516,2048,,131072,64564,unbalance1/sympy__sympy-11618/sympy__sympy-11618.traj.json
sympy__sympy-12096,LimitsExceeded,135,42212,42065,2048,,131072,44113,unbalance1/sympy__sympy-12096/sympy__sympy-12096.traj.json
sympy__sympy-12419,LimitsExceeded,135,119520,117364,2048,,131072,119412,unbalance1/sympy__sympy-12419/sympy__sympy-12419.traj.json
sympy__sympy-12481,ContextLengthExceeded,84,129169,126907,2048,129061,131072,131072,unbalance1/sympy__sympy-12481/sympy__sympy-12481.traj.json
sympy__sympy-12489,LimitsExceeded,135,58235,57854,2048,,131072,59902,unbalance1/sympy__sympy-12489/sympy__sympy-12489.traj.json
sympy__sympy-13031,LimitsExceeded,135,37824,37654,2048,,131072,39702,unbalance1/sympy__sympy-13031/sympy__sympy-13031.traj.json
sympy__sympy-13091,Submitted,29,14588,14231,2048,,131072,16279,unbalance1/sympy__sympy-13091/sympy__sympy-13091.traj.json
sympy__sympy-13372,ContextLengthExceeded,115,129350,127088,2048,129242,131072,131072,unbalance1/sympy__sympy-13372/sympy__sympy-13372.traj.json
sympy__sympy-13480,Submitted,24,7247,6698,2048,,131072,8746,unbalance1/sympy__sympy-13480/sympy__sympy-13480.traj.json
sympy__sympy-13551,LimitsExceeded,135,28486,28337,2048,,131072,30385,unbalance1/sympy__sympy-13551/sympy__sympy-13551.traj.json
sympy__sympy-13615,LimitsExceeded,135,28110,27981,2048,,131072,30029,unbalance1/sympy__sympy-13615/sympy__sympy-13615.traj.json
sympy__sympy-13647,LimitsExceeded,135,45240,44984,2048,,131072,47032,unbalance1/sympy__sympy-13647/sympy__sympy-13647.traj.json
sympy__sympy-13757,LimitsExceeded,135,43654,43489,2048,,131072,45537,unbalance1/sympy__sympy-13757/sympy__sympy-13757.traj.json
sympy__sympy-13798,Submitted,10,5580,5529,2048,,131072,7577,unbalance1/sympy__sympy-13798/sympy__sympy-13798.traj.json
sympy__sympy-13852,LimitsExceeded,135,64918,64474,2048,,131072,66522,unbalance1/sympy__sympy-13852/sympy__sympy-13852.traj.json
sympy__sympy-13877,LimitsExceeded,135,36099,35926,2048,,131072,37974,unbalance1/sympy__sympy-13877/sympy__sympy-13877.traj.json
sympy__sympy-13878,LimitsExceeded,135,72216,71709,2048,,131072,73757,unbalance1/sympy__sympy-13878/sympy__sympy-13878.traj.json
sympy__sympy-13974,LimitsExceeded,135,28446,28335,2048,,131072,30383,unbalance1/sympy__sympy-13974/sympy__sympy-13974.traj.json
sympy__sympy-14248,LimitsExceeded,135,51416,51237,2048,,131072,53285,unbalance1/sympy__sympy-14248/sympy__sympy-14248.traj.json
sympy__sympy-14531,LimitsExceeded,135,31874,31723,2048,,131072,33771,unbalance1/sympy__sympy-14531/sympy__sympy-14531.traj.json
sympy__sympy-14711,LimitsExceeded,135,116112,115959,2048,,131072,118007,unbalance1/sympy__sympy-14711/sympy__sympy-14711.traj.json
sympy__sympy-14976,Submitted,9,14137,13583,2048,,131072,15631,unbalance1/sympy__sympy-14976/sympy__sympy-14976.traj.json
sympy__sympy-15017,Submitted,35,13028,11962,2048,,131072,14010,unbalance1/sympy__sympy-15017/sympy__sympy-15017.traj.json
sympy__sympy-15345,ContextLengthExceeded,97,129645,127601,2048,129537,131072,131072,unbalance1/sympy__sympy-15345/sympy__sympy-15345.traj.json
sympy__sympy-15349,LimitsExceeded,135,30413,30161,2048,,131072,32209,unbalance1/sympy__sympy-15349/sympy__sympy-15349.traj.json
sympy__sympy-15599,ContextLengthExceeded,107,130547,128661,2048,130439,131072,131072,unbalance1/sympy__sympy-15599/sympy__sympy-15599.traj.json
sympy__sympy-15809,LimitsExceeded,135,39118,38866,2048,,131072,40914,unbalance1/sympy__sympy-15809/sympy__sympy-15809.traj.json
sympy__sympy-15875,LimitsExceeded,135,30693,30574,2048,,131072,32622,unbalance1/sympy__sympy-15875/sympy__sympy-15875.traj.json
sympy__sympy-15976,LimitsExceeded,135,58527,58140,2048,,131072,60188,unbalance1/sympy__sympy-15976/sympy__sympy-15976.traj.json
sympy__sympy-16450,LimitsExceeded,135,60144,59414,2048,,131072,61462,unbalance1/sympy__sympy-16450/sympy__sympy-16450.traj.json
sympy__sympy-16597,LimitsExceeded,135,25268,25131,2048,,131072,27179,unbalance1/sympy__sympy-16597/sympy__sympy-16597.traj.json
sympy__sympy-16766,Submitted,19,7279,6689,2048,,131072,8737,unbalance1/sympy__sympy-16766/sympy__sympy-16766.traj.json
sympy__sympy-16792,LimitsExceeded,135,99309,98507,2048,,131072,100555,unbalance1/sympy__sympy-16792/sympy__sympy-16792.traj.json
sympy__sympy-16886,LimitsExceeded,135,93376,93197,2048,,131072,95245,unbalance1/sympy__sympy-16886/sympy__sympy-16886.traj.json
sympy__sympy-17139,Submitted,18,6717,6038,2048,,131072,8086,unbalance1/sympy__sympy-17139/sympy__sympy-17139.traj.json
sympy__sympy-17318,Submitted,27,15863,15033,2048,,131072,17081,unbalance1/sympy__sympy-17318/sympy__sympy-17318.traj.json
sympy__sympy-17630,LimitsExceeded,135,42797,42561,2048,,131072,44609,unbalance1/sympy__sympy-17630/sympy__sympy-17630.traj.json
sympy__sympy-17655,LimitsExceeded,135,49804,49563,2048,,131072,51611,unbalance1/sympy__sympy-17655/sympy__sympy-17655.traj.json
sympy__sympy-18189,LimitsExceeded,135,64881,64576,2048,,131072,66624,unbalance1/sympy__sympy-18189/sympy__sympy-18189.traj.json
sympy__sympy-18199,Submitted,38,27889,25913,2048,,131072,27961,unbalance1/sympy__sympy-18199/sympy__sympy-18199.traj.json
sympy__sympy-18211,ContextLengthExceeded,98,131244,129011,2048,131165,131072,131072,unbalance1/sympy__sympy-18211/sympy__sympy-18211.traj.json
sympy__sympy-18698,LimitsExceeded,135,45958,45664,2048,,131072,47712,unbalance1/sympy__sympy-18698/sympy__sympy-18698.traj.json
sympy__sympy-18763,LimitsExceeded,135,72714,72138,2048,,131072,74186,unbalance1/sympy__sympy-18763/sympy__sympy-18763.traj.json
sympy__sympy-19040,LimitsExceeded,135,43782,43643,2048,,131072,45691,unbalance1/sympy__sympy-19040/sympy__sympy-19040.traj.json
sympy__sympy-19346,ContextLengthExceeded,98,130809,128560,2048,130701,131072,131072,unbalance1/sympy__sympy-19346/sympy__sympy-19346.traj.json
sympy__sympy-19495,LimitsExceeded,135,58089,57720,2048,,131072,59768,unbalance1/sympy__sympy-19495/sympy__sympy-19495.traj.json
sympy__sympy-19637,LimitsExceeded,135,24944,24682,2048,,131072,26730,unbalance1/sympy__sympy-19637/sympy__sympy-19637.traj.json
sympy__sympy-19783,LimitsExceeded,135,97177,96390,2048,,131072,98438,unbalance1/sympy__sympy-19783/sympy__sympy-19783.traj.json
sympy__sympy-19954,LimitsExceeded,135,64195,63724,2048,,131072,65772,unbalance1/sympy__sympy-19954/sympy__sympy-19954.traj.json
sympy__sympy-20154,LimitsExceeded,135,18684,18601,2048,,131072,20649,unbalance1/sympy__sympy-20154/sympy__sympy-20154.traj.json
sympy__sympy-20428,Submitted,57,22929,22567,2048,,131072,24615,unbalance1/sympy__sympy-20428/sympy__sympy-20428.traj.json
sympy__sympy-20438,LimitsExceeded,135,37532,37295,2048,,131072,39343,unbalance1/sympy__sympy-20438/sympy__sympy-20438.traj.json
sympy__sympy-20590,ContextLengthExceeded,74,132322,128623,2048,132243,131072,131072,unbalance1/sympy__sympy-20590/sympy__sympy-20590.traj.json
sympy__sympy-20801,LimitsExceeded,135,47927,47851,2048,,131072,49899,unbalance1/sympy__sympy-20801/sympy__sympy-20801.traj.json
sympy__sympy-20916,LimitsExceeded,135,34966,34855,2048,,131072,36903,unbalance1/sympy__sympy-20916/sympy__sympy-20916.traj.json
sympy__sympy-21379,ContextLengthExceeded,111,129524,127262,2048,129416,131072,131072,unbalance1/sympy__sympy-21379/sympy__sympy-21379.traj.json
sympy__sympy-21596,LimitsExceeded,135,41669,41583,2048,,131072,43631,unbalance1/sympy__sympy-21596/sympy__sympy-21596.traj.json
sympy__sympy-21612,LimitsExceeded,135,45844,45612,2048,,131072,47660,unbalance1/sympy__sympy-21612/sympy__sympy-21612.traj.json
sympy__sympy-21847,Submitted,25,10962,9969,2048,,131072,12017,unbalance1/sympy__sympy-21847/sympy__sympy-21847.traj.json
sympy__sympy-21930,Submitted,49,18957,18256,2048,,131072,20304,unbalance1/sympy__sympy-21930/sympy__sympy-21930.traj.json
sympy__sympy-22080,LimitsExceeded,135,37093,37006,2048,,131072,39054,unbalance1/sympy__sympy-22080/sympy__sympy-22080.traj.json
sympy__sympy-22456,LimitsExceeded,135,28003,27880,2048,,131072,29928,unbalance1/sympy__sympy-22456/sympy__sympy-22456.traj.json
sympy__sympy-22714,LimitsExceeded,135,49924,49597,2048,,131072,51645,unbalance1/sympy__sympy-22714/sympy__sympy-22714.traj.json
sympy__sympy-22914,LimitsExceeded,135,46247,46160,2048,,131072,48208,unbalance1/sympy__sympy-22914/sympy__sympy-22914.traj.json
sympy__sympy-23262,LimitsExceeded,135,41865,41730,2048,,131072,43778,unbalance1/sympy__sympy-23262/sympy__sympy-23262.traj.json
sympy__sympy-23413,LimitsExceeded,135,106942,106434,2048,,131072,108482,unbalance1/sympy__sympy-23413/sympy__sympy-23413.traj.json
sympy__sympy-23534,LimitsExceeded,135,37265,37166,2048,,131072,39214,unbalance1/sympy__sympy-23534/sympy__sympy-23534.traj.json
sympy__sympy-23824,LimitsExceeded,135,71901,71429,2048,,131072,73477,unbalance1/sympy__sympy-23824/sympy__sympy-23824.traj.json
sympy__sympy-23950,LimitsExceeded,135,18680,18582,2048,,131072,20630,unbalance1/sympy__sympy-23950/sympy__sympy-23950.traj.json
sympy__sympy-24066,LimitsExceeded,135,25961,25853,2048,,131072,27901,unbalance1/sympy__sympy-24066/sympy__sympy-24066.traj.json
sympy__sympy-24213,LimitsExceeded,135,105811,104988,2048,,131072,107036,unbalance1/sympy__sympy-24213/sympy__sympy-24213.traj.json
sympy__sympy-24443,Submitted,25,9927,8818,2048,,131072,10866,unbalance1/sympy__sympy-24443/sympy__sympy-24443.traj.json
sympy__sympy-24539,Submitted,24,12427,10456,2048,,131072,12504,unbalance1/sympy__sympy-24539/sympy__sympy-24539.traj.json
sympy__sympy-24562,LimitsExceeded,135,71074,70598,2048,,131072,72646,unbalance1/sympy__sympy-24562/sympy__sympy-24562.traj.json
sympy__sympy-24661,Submitted,5,5686,5647,2048,,131072,7695,unbalance1/sympy__sympy-24661/sympy__sympy-24661.traj.json
